Rank;Rank.2;Rank.1;Sequence;Start;Score;Length;End;Positions;Tool;Extracellular;Glycosilation;accessibility_icm
0;0;1;HVDMAKKETV;58;0.88;10;67;58,59,60,61,62,63,64,65,66,67;ABCpred;c("Non-extracel", "Extracellular");Non-glycosilated;Buried
1;1;1;IAVDKANLEIMT;88;0.82;12;99;88,89,90,91,92,93,94,95,96,97,98,99;ABCpred;c("Non-extracel", "Extracellular");Non-glycosilated;Buried
2;2;2;GKPVTTGVSETV;150;0.81;12;161;150,151,152,153,154,155,156,157,158,159,160,161;ABCpred;c("Non-extracel", "Extracellular");Non-glycosilated;Buried
3;3;1;IFHVDMAKKETVWR;56;0.86;14;69;56,57,58,59,60,61,62,63,64,65,66,67,68,69;ABCpred;c("Non-extracel", "Extracellular");Non-glycosilated;Buried
4;4;1;FLPREDHLFRKFHY;162;0.86;14;175;162,163,164,165,166,167,168,169,170,171,172,173,174,175;ABCpred;c("Non-extracel", "Extracellular");Non-glycosilated;Buried
5;5;2;PLPETTENVVCALG;210;0.84;14;223;210,211,212,213,214,215,216,217,218,219,220,221,222,223;ABCpred;c("Non-extracel", "Extracellular");Non-glycosilated;Accessible
6;6;3;KANLEIMTKRSNYT;92;0.81;14;105;92,93,94,95,96,97,98,99,100,101,102,103,104,105;ABCpred;c("Non-extracel", "Extracellular");Non-glycosilated;Buried
7;7;4;EFYLNPDQSGEFMF;36;0.8;14;49;36,37,38,39,40,41,42,43,44,45,46,47,48,49;ABCpred;c("Non-extracel", "Extracellular");Non-glycosilated;Buried
8;8;1;TEDVYDCRVEHWGLDE;182;0.94;16;197;182,183,184,185,186,187,188,189,190,191,192,193,194,195,196,197;ABCpred;c("Non-extracel", "Extracellular");Non-glycosilated;Buried
9;9;2;PVVNVTWLRNGKPVTT;140;0.9;16;155;140,141,142,143,144,145,146,147,148,149,150,151,152,153,154,155;ABCpred;c("Non-extracel", "Extracellular");Glycosilated;Buried
10;10;3;IMTKRSNYTPITNVPP;97;0.88;16;112;97,98,99,100,101,102,103,104,105,106,107,108,109,110,111,112;ABCpred;c("Non-extracel", "Extracellular");Non-glycosilated;Buried
11;11;4;YTPITNVPPEVTVLTN;104;0.87;16;119;104,105,106,107,108,109,110,111,112,113,114,115,116,117,118,119;ABCpred;c("Non-extracel", "Extracellular");Non-glycosilated;Buried
12;12;5;HYLPFLPSTEDVYDCR;174;0.85;16;189;174,175,176,177,178,179,180,181,182,183,184,185,186,187,188,189;ABCpred;c("Non-extracel", "Extracellular");Non-glycosilated;Buried
13;13;5;ICFIDKFTPPVVNVTW;131;0.85;16;146;131,132,133,134,135,136,137,138,139,140,141,142,143,144,145,146;ABCpred;c("Non-extracel", "Extracellular");Glycosilated;Buried
14;14;6;KETVWRLEEFGRFASF;64;0.83;16;79;64,65,66,67,68,69,70,71,72,73,74,75,76,77,78,79;ABCpred;c("Non-extracel", "Extracellular");Non-glycosilated;Buried
15;15;6;DGDEIFHVDMAKKETV;52;0.83;16;67;52,53,54,55,56,57,58,59,60,61,62,63,64,65,66,67;ABCpred;c("Non-extracel", "Extracellular");Non-glycosilated;Buried
16;16;7;DEPLLKHWEFDAPSPL;196;0.81;16;211;196,197,198,199,200,201,202,203,204,205,206,207,208,209,210,211;ABCpred;c("Non-extracel", "Extracellular");Non-glycosilated;Buried
17;17;8;DKANLEIMTKRSNYTP;91;0.8;16;106;91,92,93,94,95,96,97,98,99,100,101,102,103,104,105,106;ABCpred;c("Non-extracel", "Extracellular");Non-glycosilated;Buried
18;18;1;WAIKEEHVIIQAEFYLNP;24;0.87;18;41;24,25,26,27,28,29,30,31,32,33,34,35,36,37,38,39,40,41;ABCpred;c("Non-extracel", "Non-extracel");Non-glycosilated;Buried
19;19;1;LLKHWEFDAPSPLPETTE;199;0.87;18;216;199,200,201,202,203,204,205,206,207,208,209,210,211,212,213,214,215,216;ABCpred;c("Non-extracel", "Extracellular");Non-glycosilated;Buried
20;20;2;KPVTTGVSETVFLPREDH;151;0.85;18;168;151,152,153,154,155,156,157,158,159,160,161,162,163,164,165,166,167,168;ABCpred;c("Non-extracel", "Extracellular");Non-glycosilated;Buried
21;21;3;PVVNVTWLRNGKPVTTGV;140;0.84;18;157;140,141,142,143,144,145,146,147,148,149,150,151,152,153,154,155,156,157;ABCpred;c("Non-extracel", "Extracellular");Glycosilated;Buried
22;22;4;FIIKGLRKSNAAERRGPL;237;0.83;18;254;237,238,239,240,241,242,243,244,245,246,247,248,249,250,251,252,253,254;ABCpred;c("Non-extracel", "Non-extracel");Non-glycosilated;Accessible
23;23;5;HVDMAKKETVWRLEEFGR;58;0.81;18;75;58,59,60,61,62,63,64,65,66,67,68,69,70,71,72,73,74,75;ABCpred;c("Non-extracel", "Extracellular");Non-glycosilated;Buried
24;24;6;PDQSGEFMFDFDGDEIFH;41;0.8;18;58;41,42,43,44,45,46,47,48,49,50,51,52,53,54,55,56,57,58;ABCpred;c("Non-extracel", "Extracellular");Non-glycosilated;Buried
25;25;6;KFHYLPFLPSTEDVYDCR;172;0.8;18;189;172,173,174,175,176,177,178,179,180,181,182,183,184,185,186,187,188,189;ABCpred;c("Non-extracel", "Extracellular");Non-glycosilated;Buried
26;26;1;LLKHWEFDAPSPLPETTENV;199;0.89;20;218;199,200,201,202,203,204,205,206,207,208,209,210,211,212,213,214,215,216,217,218;ABCpred;c("Non-extracel", "Extracellular");Non-glycosilated;Buried
27;27;2;FDFDGDEIFHVDMAKKETVW;49;0.87;20;68;49,50,51,52,53,54,55,56,57,58,59,60,61,62,63,64,65,66,67,68;ABCpred;c("Non-extracel", "Extracellular");Non-glycosilated;Buried
28;28;3;EAQGALANIAVDKANLEIMT;80;0.85;20;99;80,81,82,83,84,85,86,87,88,89,90,91,92,93,94,95,96,97,98,99;ABCpred;c("Non-extracel", "Extracellular");Non-glycosilated;Buried
29;29;3;FYLNPDQSGEFMFDFDGDEI;37;0.85;20;56;37,38,39,40,41,42,43,44,45,46,47,48,49,50,51,52,53,54,55,56;ABCpred;c("Non-extracel", "Extracellular");Non-glycosilated;Buried
30;30;3;VFLPREDHLFRKFHYLPFLP;161;0.85;20;180;161,162,163,164,165,166,167,168,169,170,171,172,173,174,175,176,177,178,179,180;ABCpred;c("Non-extracel", "Extracellular");Non-glycosilated;Buried
31;31;4;AQESWAIKEEHVIIQAEFYL;20;0.84;20;39;20,21,22,23,24,25,26,27,28,29,30,31,32,33,34,35,36,37,38,39;ABCpred;c("Non-extracel", "Non-extracel");Non-glycosilated;Buried
32;32;5;VDMAKKETVWRLEEFGRFAS;59;0.83;20;78;59,60,61,62,63,64,65,66,67,68,69,70,71,72,73,74,75,76,77,78;ABCpred;c("Non-extracel", "Extracellular");Non-glycosilated;Buried
33;33;6;RVEHWGLDEPLLKHWEFDAP;189;0.82;20;208;189,190,191,192,193,194,195,196,197,198,199,200,201,202,203,204,205,206,207,208;ABCpred;c("Non-extracel", "Extracellular");Non-glycosilated;Buried
34;34;7;PVELREPNVLICFIDKFTPP;121;0.81;20;140;121,122,123,124,125,126,127,128,129,130,131,132,133,134,135,136,137,138,139,140;ABCpred;c("Non-extracel", "Extracellular");Non-glycosilated;Buried
35;35;8;GTIFIIKGLRKSNAAERRGP;234;0.8;20;253;234,235,236,237,238,239,240,241,242,243,244,245,246,247,248,249,250,251,252,253;ABCpred;c("Non-extracel", "Non-extracel");Non-glycosilated;Accessible
36;36;8;LFRKFHYLPFLPSTEDVYDC;169;0.8;20;188;169,170,171,172,173,174,175,176,177,178,179,180,181,182,183,184,185,186,187,188;ABCpred;c("Non-extracel", "Extracellular");Non-glycosilated;Buried
37;37;8;GFFIIAVLMSAQESWAIKEE;10;0.8;20;29;10,11,12,13,14,15,16,17,18,19,20,21,22,23,24,25,26,27,28,29;ABCpred;c("Non-extracel", "Non-extracel");Non-glycosilated;Accessible
