Rank,Rank,Rank.1,Sequence,Start,End,Positions,Score,Tool,Length,Extracellular,Glycosilation,accessibility_icm
0,0,0,LKK,65,67,"[65, 66, 67]",0.552777777778,Bepipred 2.0,3,"c(""Non-extracel"", ""Non-extracel"")",Non-glycosilated,Buried
1,1,1,GTTSPISEHDYQIGGYTEKWES,174,195,"[174, 175, 176, 177, 178, 179, 180, 181, 182, 183, 184, 185, 186, 187, 188, 189, 190, 191, 192, 193, 194, 195]",0.550777777778,Bepipred 2.0,22,"c(""Non-extracel"", ""Non-extracel"")",Non-glycosilated,Buried
2,2,2,LSTDTG,219,224,"[219, 220, 221, 222, 223, 224]",0.557555555556,Bepipred 2.0,6,"c(""Non-extracel"", ""Non-extracel"")",Non-glycosilated,Buried
3,3,3,DGSSGVVNP,250,258,"[250, 251, 252, 253, 254, 255, 256, 257, 258]",0.559333333333,Bepipred 2.0,9,"c(""Non-extracel"", ""Non-extracel"")",Non-glycosilated,Accessible
4,4,4,EPIYDEPTTTT,261,271,"[261, 262, 263, 264, 265, 266, 267, 268, 269, 270, 271]",0.557,Bepipred 2.0,11,"c(""Non-extracel"", ""Non-extracel"")",Non-glycosilated,Accessible
5,5,1,DEAGSKSPIQYI,63,74,"63,64,65,66,67,68,69,70,71,72,73,74",0.85,ABCpred,12,"c(""Non-extracel"", ""Non-extracel"")",Glycosilated,Buried
6,6,1,EAGSKSPIQYIDIG,64,77,"64,65,66,67,68,69,70,71,72,73,74,75,76,77",0.82,ABCpred,14,"c(""Non-extracel"", ""Non-extracel"")",Glycosilated,Buried
7,7,1,KSPIQYIDIGNYTVSC,68,83,"68,69,70,71,72,73,74,75,76,77,78,79,80,81,82,83",0.88,ABCpred,16,"c(""Non-extracel"", ""Non-extracel"")",Glycosilated,Buried
8,8,2,HFYSKWYIRVGARKSA,40,55,"40,41,42,43,44,45,46,47,48,49,50,51,52,53,54,55",0.87,ABCpred,16,"c(""Non-extracel"", ""Non-extracel"")",Non-glycosilated,Buried
9,9,3,TVAAFHQECSLQSCTQ,12,27,"12,13,14,15,16,17,18,19,20,21,22,23,24,25,26,27",0.84,ABCpred,16,"c(""Extracellular"", ""Non-extracel"")",Glycosilated,Accessible
10,10,3,CSFYEDFLEYHDVRVV,102,117,"102,103,104,105,106,107,108,109,110,111,112,113,114,115,116,117",0.84,ABCpred,16,"c(""Non-extracel"", ""Non-extracel"")",Non-glycosilated,Buried
11,11,4,ECSLQSCTQHQPYVVD,19,34,"19,20,21,22,23,24,25,26,27,28,29,30,31,32,33,34",0.82,ABCpred,16,"c(""Extracellular"", ""Non-extracel"")",Non-glycosilated,Accessible
12,12,1,TINCQEPKLGSLVVRCSF,87,104,"87,88,89,90,91,92,93,94,95,96,97,98,99,100,101,102,103,104",0.9,ABCpred,18,"c(""Non-extracel"", ""Non-extracel"")",Non-glycosilated,Buried
13,13,2,KSPIQYIDIGNYTVSCLP,68,85,"68,69,70,71,72,73,74,75,76,77,78,79,80,81,82,83,84,85",0.84,ABCpred,18,"c(""Non-extracel"", ""Non-extracel"")",Glycosilated,Buried
14,14,1,PCPIHFYSKWYIRVGARKSA,36,55,"36,37,38,39,40,41,42,43,44,45,46,47,48,49,50,51,52,53,54,55",0.91,ABCpred,20,"c(""Non-extracel"", ""Non-extracel"")",Non-glycosilated,Buried
15,15,2,DIGNYTVSCLPFTINCQEPK,75,94,"75,76,77,78,79,80,81,82,83,84,85,86,87,88,89,90,91,92,93,94",0.84,ABCpred,20,"c(""Non-extracel"", ""Non-extracel"")",Non-glycosilated,Buried
16,16,3,CQEPKLGSLVVRCSFYEDFL,90,109,"90,91,92,93,94,95,96,97,98,99,100,101,102,103,104,105,106,107,108,109",0.82,ABCpred,20,"c(""Non-extracel"", ""Non-extracel"")",Non-glycosilated,Buried
17,17,0,NYN,448,450,"[448,449, 450]",-2.685,Discotope 2.0,3,"c(""Non-extracel"", ""Non-extracel"")",Non-glycosilated,Accessible
