##gff-version 2,,,,,,,,
##source-version NetOGlyc 4.0.0.13,,,,,,,,
##date 21-10-22,,,,,,,,
##Type Protein,,,,,,,,
#seqname,source,feature,start,end,score,strand,frame,comment
SP_P0DTC3_AP3A_SARS2,netOGlyc-4.0.0.13,CARBOHYD,9,9,0.257741,.,.,#POSITIVE
SP_P0DTC3_AP3A_SARS2,netOGlyc-4.0.0.13,CARBOHYD,12,12,0.0793526,.,.,
SP_P0DTC3_AP3A_SARS2,netOGlyc-4.0.0.13,CARBOHYD,14,14,0.199193,.,.,
SP_P0DTC3_AP3A_SARS2,netOGlyc-4.0.0.13,CARBOHYD,24,24,0.398106,.,.,
SP_P0DTC3_AP3A_SARS2,netOGlyc-4.0.0.13,CARBOHYD,26,26,0.320158,.,.,
SP_P0DTC3_AP3A_SARS2,netOGlyc-4.0.0.13,CARBOHYD,32,32,0.467649,.,.,
SP_P0DTC3_AP3A_SARS2,netOGlyc-4.0.0.13,CARBOHYD,34,34,0.0536106,.,.,
SP_P0DTC3_AP3A_SARS2,netOGlyc-4.0.0.13,CARBOHYD,40,40,0.0359749,.,.,
SP_P0DTC3_AP3A_SARS2,netOGlyc-4.0.0.13,CARBOHYD,58,58,0.019258,.,.,
SP_P0DTC3_AP3A_SARS2,netOGlyc-4.0.0.13,CARBOHYD,60,60,0.00694296,.,.,
SP_P0DTC3_AP3A_SARS2,netOGlyc-4.0.0.13,CARBOHYD,64,64,0.00796145,.,.,
SP_P0DTC3_AP3A_SARS2,netOGlyc-4.0.0.13,CARBOHYD,74,74,0.0050058,.,.,#POSITIVE
SP_P0DTC3_AP3A_SARS2,netOGlyc-4.0.0.13,CARBOHYD,89,89,0.0156962,.,.,
SP_P0DTC3_AP3A_SARS2,netOGlyc-4.0.0.13,CARBOHYD,92,92,0.00759936,.,.,
SP_P0DTC3_AP3A_SARS2,netOGlyc-4.0.0.13,CARBOHYD,117,117,5.03E-06,.,.,
SP_P0DTC3_AP3A_SARS2,netOGlyc-4.0.0.13,CARBOHYD,135,135,1.46E-05,.,.,
SP_P0DTC3_AP3A_SARS2,netOGlyc-4.0.0.13,CARBOHYD,151,151,1.51E-07,.,.,
SP_P0DTC3_AP3A_SARS2,netOGlyc-4.0.0.13,CARBOHYD,162,162,1.20E-05,.,.,
SP_P0DTC3_AP3A_SARS2,netOGlyc-4.0.0.13,CARBOHYD,164,164,0.00424658,.,.,
SP_P0DTC3_AP3A_SARS2,netOGlyc-4.0.0.13,CARBOHYD,165,165,0.0119881,.,.,
SP_P0DTC3_AP3A_SARS2,netOGlyc-4.0.0.13,CARBOHYD,166,166,0.0214937,.,.,
SP_P0DTC3_AP3A_SARS2,netOGlyc-4.0.0.13,CARBOHYD,170,170,0.0272481,.,.,
SP_P0DTC3_AP3A_SARS2,netOGlyc-4.0.0.13,CARBOHYD,171,171,0.113166,.,.,
SP_P0DTC3_AP3A_SARS2,netOGlyc-4.0.0.13,CARBOHYD,175,175,0.10259,.,.,
SP_P0DTC3_AP3A_SARS2,netOGlyc-4.0.0.13,CARBOHYD,176,176,0.0560851,.,.,
SP_P0DTC3_AP3A_SARS2,netOGlyc-4.0.0.13,CARBOHYD,177,177,0.172596,.,.,
SP_P0DTC3_AP3A_SARS2,netOGlyc-4.0.0.13,CARBOHYD,180,180,0.182571,.,.,
SP_P0DTC3_AP3A_SARS2,netOGlyc-4.0.0.13,CARBOHYD,190,190,0.00955365,.,.,
SP_P0DTC3_AP3A_SARS2,netOGlyc-4.0.0.13,CARBOHYD,195,195,0.00564043,.,.,
SP_P0DTC3_AP3A_SARS2,netOGlyc-4.0.0.13,CARBOHYD,205,205,0.00288134,.,.,
SP_P0DTC3_AP3A_SARS2,netOGlyc-4.0.0.13,CARBOHYD,208,208,0.00466502,.,.,
SP_P0DTC3_AP3A_SARS2,netOGlyc-4.0.0.13,CARBOHYD,209,209,0.00772865,.,.,
SP_P0DTC3_AP3A_SARS2,netOGlyc-4.0.0.13,CARBOHYD,216,216,0.00494849,.,.,
SP_P0DTC3_AP3A_SARS2,netOGlyc-4.0.0.13,CARBOHYD,217,217,0.00688486,.,.,
SP_P0DTC3_AP3A_SARS2,netOGlyc-4.0.0.13,CARBOHYD,220,220,0.00789602,.,.,
SP_P0DTC3_AP3A_SARS2,netOGlyc-4.0.0.13,CARBOHYD,221,221,0.00378564,.,.,
SP_P0DTC3_AP3A_SARS2,netOGlyc-4.0.0.13,CARBOHYD,223,223,1.74E-05,.,.,
SP_P0DTC3_AP3A_SARS2,netOGlyc-4.0.0.13,CARBOHYD,229,229,0.00620646,.,.,
SP_P0DTC3_AP3A_SARS2,netOGlyc-4.0.0.13,CARBOHYD,248,248,0.0250888,.,.,
SP_P0DTC3_AP3A_SARS2,netOGlyc-4.0.0.13,CARBOHYD,252,252,0.0255067,.,.,
SP_P0DTC3_AP3A_SARS2,netOGlyc-4.0.0.13,CARBOHYD,253,253,0.0886224,.,.,
SP_P0DTC3_AP3A_SARS2,netOGlyc-4.0.0.13,CARBOHYD,268,268,0.117476,.,.,
SP_P0DTC3_AP3A_SARS2,netOGlyc-4.0.0.13,CARBOHYD,269,269,0.0567247,.,.,
SP_P0DTC3_AP3A_SARS2,netOGlyc-4.0.0.13,CARBOHYD,270,270,0.141923,.,.,
SP_P0DTC3_AP3A_SARS2,netOGlyc-4.0.0.13,CARBOHYD,271,271,0.0651318,.,.,
SP_P0DTC3_AP3A_SARS2,netOGlyc-4.0.0.13,CARBOHYD,272,272,0.035373,.,.,